project;#commits;#authors;From;To;#stars;#forks;LastGHCommitDate
fcambus_telize;338;13;1377084651;1750791632;873;138;2026/07/09
fkong7_2dunet;397;9;1553211731;1748543205;15;1;2025/02/28
geodynamics_aspect;23494;347;1318199520;1776492642;311;277;2026/09/28
hyperopt_hyperopt-sklearn;660;53;1361290194;1742634354;1647;273;2025/03/22
maxulysse_nf-core_modules;8188;619;1564131265;1761924543;1;0;2026/09/11
mpmccode_mpmc;654;43;1330027139;1761071129;53;13;2025/10/21
ohdsi_webapi;7861;211;1417636192;1762475208;152;184;2026/09/28
omniscale_imposm3;1270;71;1356527250;1762291878;774;161;2026/08/05
opensafely_long-covid-risk-factors-and-prediction;587;6;1636586992;1732624252;1;0;2024/11/26
ziotom78_healpix.jl;742;29;1419267990;1758788511;58;20;2026/06/24
